{"AD_score": 14074.32204466309, "KE_score": 0.07928330435387652}