{"AD_score": 1089.4264258218234, "KE_score": 0.12488051618223232}