{"AD_score": 693.363937493459, "KE_score": 0.062448934348021456}